Date,Time,NewPosts,NewComments
10-23-2022,22:00:25,0,0
10-23-2022,22:30:26,8,102
10-23-2022,23:00:26,6,139
10-24-2022,01:12:25,0,0
10-24-2022,01:42:25,12,54
10-24-2022,02:12:27,2,7
10-24-2022,02:42:27,5,36
10-24-2022,03:12:27,1,1
10-24-2022,03:42:28,1,1
10-24-2022,04:12:28,0,0
10-24-2022,04:42:29,0,1
10-24-2022,05:12:29,3,8
10-24-2022,05:42:29,0,0
10-24-2022,06:12:30,0,0
10-24-2022,06:42:30,0,0
10-24-2022,07:12:31,0,0
10-24-2022,07:42:31,1,6
10-24-2022,08:12:31,12,79
10-24-2022,08:42:32,3,9
10-24-2022,09:12:32,6,15
10-24-2022,09:42:33,0,7
10-24-2022,10:12:33,2,18
10-24-2022,10:42:33,5,42
10-24-2022,11:12:34,5,23
10-24-2022,11:42:34,7,76
10-24-2022,12:12:32,3,12
10-24-2022,12:42:35,4,15
10-24-2022,13:12:35,5,26
10-24-2022,13:42:36,5,25
10-24-2022,14:12:36,2,38
10-24-2022,14:42:36,4,4
10-24-2022,15:12:37,6,15
10-24-2022,15:42:37,8,26
10-24-2022,16:12:37,3,29
10-24-2022,16:42:38,1,10
10-24-2022,17:12:39,5,20
10-24-2022,17:42:39,5,23
10-24-2022,18:12:40,7,18
10-24-2022,18:42:40,1,15
10-24-2022,19:12:41,3,22
10-24-2022,19:42:41,4,14
10-24-2022,20:12:41,3,10
10-24-2022,20:42:42,5,19
10-24-2022,21:12:42,9,15
10-24-2022,21:42:43,7,20
10-24-2022,22:12:43,5,18
10-24-2022,22:42:43,3,33
10-24-2022,23:12:44,7,27
10-24-2022,23:42:55,0,0
10-25-2022,00:08:15,0,0
10-25-2022,00:38:16,5,15
10-25-2022,01:08:16,5,15
10-25-2022,01:38:16,0,2
10-25-2022,02:08:17,2,9
10-25-2022,02:38:17,2,0
10-25-2022,03:08:18,0,1
10-25-2022,03:38:18,1,0
10-25-2022,04:08:19,0,0
10-25-2022,04:38:19,0,0
10-25-2022,05:08:19,0,4
10-25-2022,05:38:20,0,0
10-25-2022,06:08:20,0,2
10-25-2022,06:38:21,6,26
10-25-2022,07:08:21,0,0
10-25-2022,07:38:21,2,71
10-25-2022,08:08:22,1,8
10-25-2022,08:38:22,5,38
10-25-2022,09:08:23,1,10
10-25-2022,09:38:23,2,14
10-25-2022,10:08:23,3,7
10-25-2022,10:38:24,2,13
10-25-2022,11:08:24,3,25
10-25-2022,11:38:25,6,5
10-25-2022,12:08:25,1,5
10-25-2022,12:38:25,3,19
10-25-2022,13:08:26,7,16
10-25-2022,13:38:26,3,17
10-25-2022,14:08:27,5,18
10-25-2022,14:38:27,4,15
10-25-2022,15:08:25,0,11
10-25-2022,15:38:28,5,28
10-25-2022,16:08:28,6,38
10-25-2022,16:38:29,2,27
10-25-2022,17:08:29,7,18
10-25-2022,17:38:30,3,17
10-25-2022,18:08:30,5,37
10-25-2022,18:38:31,5,12
10-25-2022,19:08:31,8,37
10-25-2022,19:38:31,2,21
10-25-2022,20:08:32,4,33
10-25-2022,20:38:43,3,29
10-25-2022,21:08:43,4,19
10-25-2022,21:38:43,5,13
10-25-2022,22:08:44,4,16
10-25-2022,22:38:44,4,16
10-25-2022,23:08:45,10,27
10-25-2022,23:38:45,7,21
10-26-2022,00:08:46,6,37
10-26-2022,00:30:29,0,0
10-26-2022,01:00:29,5,21
10-26-2022,01:30:30,6,61
10-26-2022,02:00:31,2,19
10-26-2022,02:30:31,0,1
10-26-2022,03:00:32,1,2
10-26-2022,03:30:32,0,1
10-26-2022,04:00:33,3,22
10-26-2022,04:30:34,0,2
10-26-2022,05:00:34,10,79
10-26-2022,05:30:35,0,3
10-26-2022,06:00:36,0,1
10-26-2022,06:30:36,0,1
10-26-2022,07:00:37,0,1
10-26-2022,07:30:38,0,1
10-26-2022,08:00:39,0,1
10-26-2022,08:30:39,2,1
10-26-2022,09:00:40,6,45
10-26-2022,09:30:41,4,21
10-26-2022,10:00:45,5,10
10-26-2022,10:30:46,8,26
10-26-2022,11:00:53,7,104
10-26-2022,11:30:54,1,17
10-26-2022,12:00:54,6,42
10-26-2022,12:30:55,1,9
10-26-2022,13:00:56,2,28
10-26-2022,13:30:56,4,20
10-26-2022,14:00:57,6,18
10-26-2022,14:30:58,8,12
10-26-2022,15:01:24,2,5
10-26-2022,15:31:24,3,5
10-26-2022,16:01:25,2,9
10-26-2022,16:31:26,7,17
10-26-2022,17:01:26,6,33
10-26-2022,17:31:27,4,19
10-26-2022,18:01:27,4,15
10-26-2022,18:31:28,5,15
10-26-2022,19:01:29,2,26
10-26-2022,19:31:29,8,21
10-26-2022,20:01:30,5,17
10-26-2022,20:31:31,5,15
10-26-2022,21:01:32,5,29
10-26-2022,21:31:33,1,30
10-26-2022,22:01:34,1,40
10-27-2022,10:36:01,0,0
10-27-2022,11:06:02,11,112
10-27-2022,11:36:03,3,16
10-27-2022,12:06:03,12,122
10-27-2022,12:36:05,3,5
10-27-2022,13:06:05,5,19
10-27-2022,13:36:06,5,9
10-27-2022,14:06:06,1,10
10-27-2022,14:36:07,3,24
10-27-2022,15:06:08,8,31
10-27-2022,15:36:08,2,23
10-27-2022,16:06:09,1,26
10-27-2022,16:36:09,10,19
10-27-2022,17:06:09,3,23
10-27-2022,17:36:10,7,50
10-27-2022,18:06:11,6,21
10-27-2022,18:36:11,7,27
10-27-2022,19:06:12,2,18
10-27-2022,19:36:13,6,9
10-27-2022,20:06:14,2,16
10-27-2022,20:36:14,7,42
10-27-2022,21:06:15,3,23
10-27-2022,21:36:15,4,34
10-27-2022,22:06:16,2,29
10-27-2022,22:36:16,4,27
10-27-2022,23:06:17,6,15
10-27-2022,23:36:17,3,21
10-28-2022,00:00:24,0,0
10-28-2022,00:30:25,12,64
10-28-2022,01:00:25,9,29
10-28-2022,01:30:25,2,6
10-28-2022,02:00:26,2,16
10-28-2022,02:30:26,0,2
10-28-2022,03:00:27,0,1
10-28-2022,03:30:27,0,0
10-28-2022,04:00:27,0,0
10-28-2022,04:30:26,0,2
10-28-2022,05:00:28,0,0
10-28-2022,05:30:29,3,49
10-28-2022,06:00:29,0,0
10-28-2022,06:30:30,0,0
10-28-2022,07:00:30,0,3
10-28-2022,07:30:31,0,1
10-28-2022,08:00:31,0,2
10-28-2022,08:30:31,3,7
10-28-2022,09:00:32,1,10
10-28-2022,09:30:32,8,56
10-28-2022,10:00:33,4,14
10-28-2022,10:30:33,1,10
10-28-2022,11:00:34,3,10
10-28-2022,11:30:34,1,14
10-28-2022,12:00:35,4,25
10-28-2022,12:30:35,0,11
10-28-2022,13:00:36,5,30
10-28-2022,13:30:36,0,9
10-28-2022,14:00:37,8,62
10-28-2022,14:30:37,1,31
10-28-2022,15:00:38,7,23
10-28-2022,15:30:38,7,39
10-28-2022,16:00:38,2,10
10-28-2022,16:30:39,1,11
10-28-2022,17:00:39,5,18
10-28-2022,17:30:40,6,26
10-28-2022,18:00:40,2,21
10-28-2022,18:30:40,2,9
10-28-2022,19:00:41,6,11
10-28-2022,19:30:41,3,12
10-28-2022,20:00:42,2,6
10-28-2022,20:30:43,2,15
10-28-2022,21:00:44,2,9
10-28-2022,21:30:44,3,20
10-28-2022,22:00:45,1,4
10-28-2022,22:30:45,3,7
10-28-2022,23:00:46,3,15
10-28-2022,23:30:46,3,9
10-29-2022,00:00:46,15,68
10-29-2022,00:30:50,13,65
10-29-2022,01:00:51,2,19
10-29-2022,01:30:51,6,31
10-29-2022,02:00:51,0,4
10-29-2022,02:30:52,1,4
10-29-2022,03:00:53,1,0
10-29-2022,03:30:53,2,31
10-29-2022,04:00:54,2,3
10-29-2022,04:30:54,1,0
10-29-2022,05:00:55,0,0
10-29-2022,05:30:55,0,0
10-29-2022,06:00:56,0,0
10-29-2022,06:30:56,0,0
10-29-2022,07:00:57,0,0
10-29-2022,07:30:57,3,32
10-29-2022,08:00:58,0,5
10-29-2022,08:30:58,0,1
10-29-2022,09:00:58,2,2
10-29-2022,09:30:59,0,6
10-29-2022,10:00:59,2,11
10-29-2022,10:31:00,3,31
10-29-2022,11:01:00,6,30
10-29-2022,11:31:03,2,28
10-29-2022,12:01:04,1,5
10-29-2022,12:31:04,4,9
10-29-2022,13:01:05,1,5
10-29-2022,13:31:05,2,14
10-29-2022,14:01:06,6,35
10-29-2022,14:31:06,6,23
10-29-2022,15:01:07,2,10
10-29-2022,15:31:07,3,23
10-29-2022,16:01:07,3,23
10-29-2022,16:31:08,4,15
10-29-2022,17:01:08,4,17
10-29-2022,17:31:09,2,8
10-29-2022,18:01:09,4,10
10-29-2022,18:31:10,5,13
10-29-2022,19:01:10,2,8
10-29-2022,19:31:10,2,11
10-29-2022,20:01:11,2,6
10-29-2022,20:31:11,3,16
10-29-2022,21:01:12,5,22
10-29-2022,21:31:12,9,35
10-29-2022,22:01:13,13,16
10-29-2022,22:31:13,1,33
10-29-2022,23:01:13,6,30
10-29-2022,23:31:14,1,15
10-30-2022,00:01:14,15,100
10-30-2022,00:31:18,0,1
10-30-2022,01:01:18,4,16
10-30-2022,01:31:19,7,23
10-30-2022,02:01:19,4,17
10-30-2022,02:31:20,2,13
10-30-2022,03:01:20,0,3
10-30-2022,03:31:21,4,19
10-30-2022,04:01:21,0,2
10-30-2022,04:31:21,0,0
10-30-2022,05:01:22,1,10
10-30-2022,05:31:22,0,1
10-30-2022,06:01:23,0,0
10-30-2022,06:31:24,0,0
10-30-2022,07:01:24,1,3
10-30-2022,07:31:25,0,2
10-30-2022,08:01:25,1,12
10-30-2022,08:31:25,1,0
10-30-2022,09:01:26,1,2
10-30-2022,09:31:27,1,4
10-30-2022,10:01:27,1,7
10-30-2022,10:31:28,4,14
10-30-2022,11:01:28,0,5
10-30-2022,11:31:28,5,8
10-30-2022,12:01:29,5,47
10-30-2022,12:31:29,1,7
10-30-2022,13:01:30,4,14
10-30-2022,13:31:31,2,55
10-30-2022,14:01:31,6,17
10-30-2022,14:31:32,1,11
10-30-2022,15:01:33,5,37
10-30-2022,15:31:35,3,62
10-30-2022,16:01:35,5,35
10-30-2022,16:31:35,5,15
10-30-2022,17:01:37,4,75
10-30-2022,17:31:38,3,49
10-30-2022,18:01:38,5,21
10-30-2022,18:31:38,3,16
10-30-2022,19:01:39,4,21
10-30-2022,19:31:39,7,32
10-30-2022,20:01:40,5,27
10-30-2022,20:31:40,2,14
10-30-2022,21:01:41,3,12
10-30-2022,21:31:41,5,19
10-30-2022,22:01:41,5,28
10-30-2022,22:31:42,4,49
10-30-2022,23:01:43,3,21
10-30-2022,23:31:43,5,31
10-31-2022,00:01:44,15,138
10-31-2022,00:31:47,5,59
10-31-2022,01:01:48,5,23
10-31-2022,01:31:48,1,4
10-31-2022,02:01:49,3,13
10-31-2022,02:31:49,4,36
10-31-2022,03:01:50,2,33
10-31-2022,03:31:50,0,6
10-31-2022,04:01:51,0,0
10-31-2022,04:31:51,0,1
10-31-2022,05:01:52,1,0
10-31-2022,05:31:52,0,0
10-31-2022,06:01:53,0,0
10-31-2022,06:31:53,1,0
10-31-2022,07:01:54,1,1
10-31-2022,07:31:54,0,11
10-31-2022,08:01:55,3,15
10-31-2022,08:31:55,1,2
10-31-2022,09:01:56,1,0
10-31-2022,09:31:56,10,14
10-31-2022,10:01:57,12,51
10-31-2022,10:31:57,3,13
10-31-2022,11:01:57,0,11
10-31-2022,11:31:58,3,20
10-31-2022,12:01:58,4,28
10-31-2022,12:31:59,5,9
10-31-2022,13:01:59,2,13
10-31-2022,13:32:00,8,55
10-31-2022,14:02:00,5,13
10-31-2022,14:32:01,1,9
10-31-2022,15:02:01,12,16
10-31-2022,15:32:01,6,27
10-31-2022,16:02:02,2,33
10-31-2022,16:32:04,12,20
10-31-2022,17:02:04,7,25
10-31-2022,17:32:05,5,26
10-31-2022,18:02:05,5,25
10-31-2022,18:32:06,4,10
10-31-2022,19:02:07,3,17
10-31-2022,19:32:07,4,13
10-31-2022,20:02:07,6,39
10-31-2022,20:32:08,4,22
10-31-2022,21:02:08,2,24
10-31-2022,21:32:09,4,25
10-31-2022,22:02:09,3,22
10-31-2022,22:32:10,9,20
10-31-2022,23:02:10,6,28
10-31-2022,23:32:11,5,24
11-01-2022,00:02:11,15,70
11-01-2022,00:32:14,8,35
11-01-2022,01:02:15,8,71
11-01-2022,01:32:15,2,15
11-01-2022,02:02:16,1,14
11-01-2022,02:32:16,2,2
11-01-2022,03:02:17,1,6
11-01-2022,03:32:17,3,7
11-01-2022,04:02:18,0,5
11-01-2022,04:32:18,2,56
11-01-2022,05:02:19,1,0
11-01-2022,05:32:19,0,0
11-01-2022,06:02:20,0,0
11-01-2022,06:32:20,1,1
11-01-2022,07:02:21,0,1
11-01-2022,07:32:22,0,0
11-01-2022,08:02:22,0,3
11-01-2022,08:32:23,1,4
11-01-2022,09:02:23,6,23
11-01-2022,09:32:24,1,7
11-01-2022,10:02:24,5,4
11-01-2022,10:32:25,5,15
11-01-2022,11:02:25,7,15
11-01-2022,11:32:26,1,12
11-01-2022,12:02:24,2,10
11-01-2022,12:32:27,5,21
11-01-2022,13:02:28,3,18
11-01-2022,13:32:28,4,46
11-01-2022,14:02:30,2,33
11-01-2022,14:32:30,0,14
11-01-2022,15:02:30,1,6
11-01-2022,15:32:31,7,34
11-01-2022,16:02:32,3,25
11-01-2022,16:32:32,5,37
11-01-2022,17:02:33,5,25
11-01-2022,17:32:33,5,40
11-01-2022,18:02:34,4,36
11-01-2022,18:32:35,6,27
11-01-2022,19:02:36,5,20
11-01-2022,19:32:36,4,15
11-01-2022,20:02:37,2,19
11-01-2022,20:32:37,3,27
11-02-2022,04:54:18,15,133
11-02-2022,05:24:19,0,1
11-02-2022,05:54:19,1,0
11-02-2022,06:24:20,0,0
11-02-2022,06:54:20,0,1
11-02-2022,07:24:21,1,0
11-02-2022,07:54:21,1,6
11-02-2022,08:24:22,4,9
11-02-2022,08:54:22,2,4
11-02-2022,09:24:23,5,19
11-02-2022,09:54:23,7,20
11-02-2022,10:24:24,3,35
11-02-2022,10:54:24,2,19
11-02-2022,11:24:25,2,13
11-02-2022,11:54:25,2,11
11-02-2022,12:24:26,4,5
11-02-2022,12:54:26,5,46
11-02-2022,13:24:27,8,11
11-02-2022,13:54:27,5,16
11-02-2022,14:24:28,4,20
11-02-2022,14:54:28,3,20
11-02-2022,15:24:29,6,16
11-02-2022,15:54:29,6,35
11-02-2022,16:24:30,4,25
11-02-2022,16:54:30,3,27
11-02-2022,17:24:31,1,33
11-02-2022,17:54:31,9,40
11-02-2022,18:24:32,7,29
11-02-2022,18:54:32,7,26
11-02-2022,19:24:33,6,37
11-02-2022,19:54:33,4,16
11-02-2022,20:24:34,2,24
11-02-2022,20:54:34,5,18
11-02-2022,21:24:35,7,13
11-02-2022,21:54:35,7,23
11-02-2022,22:24:36,9,11
11-02-2022,22:54:36,9,20
11-02-2022,23:24:37,4,28
11-02-2022,23:54:37,2,32
11-03-2022,00:24:38,15,76
11-03-2022,00:54:42,10,53
11-03-2022,01:24:42,3,4
11-03-2022,01:54:43,6,25
11-03-2022,02:24:43,0,4
11-03-2022,02:54:44,2,4
11-03-2022,03:24:44,1,0
11-03-2022,03:54:45,0,0
11-03-2022,04:24:45,0,0
11-03-2022,04:54:46,1,5
11-03-2022,05:24:46,1,3
11-03-2022,05:54:47,0,1
11-03-2022,06:24:47,1,0
11-03-2022,06:54:48,2,19
11-03-2022,07:24:48,0,5
11-03-2022,07:54:49,1,25
11-03-2022,08:24:50,4,18
11-03-2022,08:54:50,2,22
11-03-2022,09:24:51,3,31
11-03-2022,09:54:51,8,11
11-03-2022,10:24:52,4,22
11-03-2022,10:54:52,7,18
11-03-2022,11:24:53,5,21
11-03-2022,11:54:53,6,26
11-03-2022,12:24:54,5,25
11-03-2022,12:54:54,6,35
11-03-2022,13:24:55,6,37
11-03-2022,13:54:55,6,12
11-03-2022,14:24:56,8,41
11-03-2022,14:54:56,2,24
11-03-2022,15:24:57,2,16
11-03-2022,15:54:58,3,32
11-03-2022,16:24:58,2,21
11-03-2022,16:54:59,3,14
11-03-2022,17:24:59,4,31
11-03-2022,17:55:00,4,27
11-03-2022,18:25:00,4,47
11-03-2022,18:55:01,3,19
11-03-2022,19:25:01,4,17
11-03-2022,19:55:01,6,24
11-03-2022,20:25:02,3,28
11-03-2022,20:55:03,5,23
11-03-2022,21:25:03,3,16
11-03-2022,21:55:03,4,20
11-03-2022,22:25:04,6,18
11-03-2022,22:55:04,5,43
11-03-2022,23:25:05,3,29
11-03-2022,23:55:06,4,43
11-04-2022,00:25:07,15,80
11-04-2022,00:55:10,7,40
11-04-2022,01:25:11,6,71
11-04-2022,01:55:11,3,106
11-04-2022,02:25:12,7,9
11-04-2022,02:55:12,3,53
11-04-2022,03:25:13,1,4
11-04-2022,03:55:13,0,0
11-04-2022,04:25:14,0,0
11-04-2022,04:55:14,0,3
11-04-2022,05:25:15,1,3
11-04-2022,05:55:15,1,0
11-04-2022,06:25:16,0,4
11-04-2022,06:55:16,0,1
11-04-2022,07:25:17,0,3
11-04-2022,07:55:17,3,39
11-04-2022,08:25:18,5,25
11-04-2022,08:55:18,2,16
11-04-2022,09:25:19,1,22
11-04-2022,09:55:19,7,17
11-04-2022,10:25:20,5,18
11-04-2022,10:55:20,3,34
11-04-2022,11:25:21,2,23
11-04-2022,11:55:21,4,22
11-04-2022,12:25:22,5,14
11-04-2022,12:55:23,5,23
11-04-2022,13:25:24,4,20
11-04-2022,13:55:24,7,14
11-04-2022,14:25:25,11,25
11-04-2022,14:55:25,6,48
11-04-2022,15:25:26,3,40
11-04-2022,15:55:26,9,36
11-04-2022,16:25:27,1,36
11-04-2022,16:55:28,2,20
11-04-2022,17:25:28,5,28
11-04-2022,17:55:29,4,9
11-04-2022,18:25:29,10,22
11-04-2022,18:55:30,4,39
11-04-2022,19:25:30,3,16
11-04-2022,19:55:31,4,33
11-04-2022,20:25:31,3,11
11-04-2022,20:55:32,6,16
11-04-2022,21:25:33,4,25
11-04-2022,21:55:33,3,21
11-04-2022,22:25:34,3,6
11-04-2022,22:55:34,5,146
11-04-2022,23:25:35,3,15
11-04-2022,23:55:35,1,11
11-05-2022,00:25:36,15,169
11-05-2022,00:55:39,9,206
11-05-2022,01:25:40,8,38
11-05-2022,01:55:40,6,92
11-05-2022,02:25:41,7,41
11-05-2022,02:55:42,3,77
11-05-2022,03:25:42,0,3
11-05-2022,03:55:43,0,1
11-05-2022,04:25:43,0,1
11-05-2022,04:55:44,0,1
11-05-2022,05:25:44,0,1
11-05-2022,05:55:45,3,29
11-05-2022,06:25:45,0,1
11-05-2022,06:55:46,0,2
11-05-2022,07:25:46,2,20
11-05-2022,07:55:47,3,5
11-05-2022,08:25:47,0,5
11-05-2022,08:55:48,2,8
11-05-2022,09:25:49,1,7
11-05-2022,09:55:49,8,50
11-05-2022,10:25:50,5,52
11-05-2022,10:55:50,2,14
11-05-2022,11:25:51,0,8
11-05-2022,11:55:52,2,19
11-05-2022,12:25:52,6,19
11-05-2022,12:55:53,5,24
11-05-2022,13:25:53,2,12
11-05-2022,13:55:54,4,11
11-05-2022,14:25:55,5,18
11-05-2022,14:55:56,3,22
11-05-2022,15:25:56,4,33
11-05-2022,15:55:57,3,28
11-05-2022,16:25:57,1,18
11-05-2022,16:55:58,3,16
11-05-2022,17:25:58,6,20
11-05-2022,17:55:59,4,19
11-05-2022,18:25:59,5,24
11-05-2022,18:56:00,5,27
11-05-2022,19:26:01,7,18
11-05-2022,19:56:01,4,17
11-05-2022,20:26:02,6,17
11-05-2022,20:56:02,6,23
11-05-2022,21:26:03,9,27
11-05-2022,21:56:03,0,28
11-05-2022,22:26:04,4,11
11-05-2022,22:56:04,6,14
11-05-2022,23:26:05,2,14
11-05-2022,23:56:05,6,32
11-06-2022,00:26:06,15,48
11-06-2022,00:56:09,11,167
11-06-2022,01:26:10,7,90
11-06-2022,01:56:11,10,27
11-06-2022,01:26:12,2,13
11-06-2022,01:56:12,9,19
11-06-2022,02:26:13,6,412
11-06-2022,02:56:13,0,2
11-06-2022,03:26:14,2,4
11-06-2022,03:56:14,0,3
11-06-2022,04:26:15,2,5
11-06-2022,04:56:15,1,6
11-06-2022,05:26:16,0,0
11-06-2022,05:56:21,0,0
11-06-2022,06:26:21,0,0
11-06-2022,06:56:22,2,20
11-06-2022,07:26:22,4,189
11-06-2022,07:56:23,3,23
11-06-2022,08:26:23,4,1
11-06-2022,08:56:24,2,13
11-06-2022,09:26:24,2,17
11-06-2022,09:56:25,4,39
11-06-2022,10:26:26,3,25
11-06-2022,10:56:26,3,27
11-06-2022,11:26:27,9,24
11-06-2022,11:56:45,3,24
11-06-2022,12:26:46,4,19
11-06-2022,12:56:54,0,0
11-06-2022,13:26:55,4,16
11-06-2022,13:56:56,2,12
11-06-2022,14:26:56,5,20
11-06-2022,14:57:00,1,28
11-06-2022,15:27:01,1,33
11-06-2022,15:57:01,3,26
11-06-2022,16:27:25,5,7
11-06-2022,16:57:26,2,12
11-06-2022,18:40:06,4,8
11-06-2022,19:10:07,6,11
11-07-2022,13:42:07,15,62
11-07-2022,14:12:08,8,120
11-07-2022,14:42:08,9,25
11-07-2022,15:12:09,4,92
11-07-2022,15:42:09,4,23
11-07-2022,16:12:09,5,71
11-07-2022,16:42:10,10,117
11-07-2022,17:12:10,3,22
11-07-2022,17:42:11,8,25
11-07-2022,18:12:12,8,20
11-07-2022,18:42:12,7,44
11-07-2022,19:12:13,5,35
11-07-2022,19:42:13,7,26
11-07-2022,20:12:14,6,36
11-07-2022,20:42:14,6,18
11-07-2022,21:12:17,3,15
11-07-2022,21:42:17,6,23
11-07-2022,22:12:18,5,33
11-07-2022,22:42:18,7,25
11-07-2022,23:12:19,5,6
11-07-2022,23:42:19,5,20
11-08-2022,00:12:19,15,52
11-08-2022,00:42:23,4,15
11-08-2022,01:12:23,4,11
11-08-2022,01:42:24,4,18
11-08-2022,02:12:24,2,23
11-08-2022,02:42:25,1,4
11-08-2022,03:12:25,0,1
11-08-2022,03:42:26,4,19
11-08-2022,04:12:26,0,1
11-08-2022,04:42:27,0,0
11-08-2022,05:12:27,0,1
11-08-2022,05:42:28,3,10
11-08-2022,06:12:28,1,1
11-08-2022,06:42:28,0,1
11-08-2022,07:12:27,1,8
11-08-2022,07:42:29,3,12
11-08-2022,08:12:30,1,6
11-08-2022,08:42:30,3,42
11-08-2022,09:12:31,6,24
11-08-2022,09:42:31,4,23
11-08-2022,10:12:32,6,16
11-08-2022,10:42:32,1,7
11-08-2022,11:12:33,5,20
11-08-2022,11:42:33,5,51
11-08-2022,12:12:34,3,29
11-08-2022,12:42:34,3,84
11-08-2022,13:12:35,2,28
11-08-2022,13:42:35,1,31
11-08-2022,14:12:36,8,34
11-08-2022,14:42:36,5,30
11-08-2022,15:12:37,4,41
11-08-2022,15:42:37,8,32
11-08-2022,16:12:38,6,38
11-08-2022,16:42:38,6,52
11-08-2022,17:12:39,6,40
11-08-2022,17:42:40,1,21
11-08-2022,18:12:40,2,10
11-08-2022,18:42:41,7,13
11-08-2022,19:12:41,3,24
11-08-2022,19:42:42,3,20
11-08-2022,20:12:42,8,41
11-08-2022,20:42:43,6,29
11-08-2022,21:12:44,5,30
11-08-2022,21:42:44,10,32
11-08-2022,22:12:44,2,35
11-08-2022,22:42:51,8,25
11-08-2022,23:12:52,7,33
11-08-2022,23:42:52,5,20
11-09-2022,00:12:53,15,88
11-09-2022,00:42:56,5,34
11-09-2022,01:12:57,3,16
11-09-2022,01:42:57,6,40
11-09-2022,02:12:57,0,2
11-09-2022,02:42:58,2,10
11-09-2022,03:12:58,1,1
11-09-2022,03:42:59,0,1
11-09-2022,04:13:00,2,3
11-09-2022,04:43:00,1,7
11-09-2022,05:13:01,1,0
11-09-2022,05:43:01,10,128
11-09-2022,06:13:02,1,10
11-09-2022,06:43:02,0,8
11-09-2022,07:13:03,2,9
11-09-2022,07:43:03,2,5
11-09-2022,08:13:04,1,6
11-09-2022,08:43:04,10,44
11-09-2022,09:13:05,1,9
11-09-2022,09:43:05,0,2
11-09-2022,10:13:06,6,38
11-09-2022,10:43:06,3,13
11-09-2022,11:13:07,2,86
11-09-2022,11:43:07,7,12
11-09-2022,12:13:08,5,15
11-09-2022,12:43:09,4,21
11-09-2022,13:13:09,0,37
11-09-2022,13:43:10,4,33
11-09-2022,14:13:10,3,32
11-09-2022,14:43:11,3,17
11-09-2022,15:13:11,7,18
11-09-2022,15:43:12,5,34
11-09-2022,16:13:13,7,23
11-09-2022,16:43:13,5,25
11-09-2022,17:13:14,11,20
11-09-2022,17:43:15,4,18
11-09-2022,18:13:16,5,17
11-09-2022,18:43:16,5,8
11-09-2022,19:13:16,5,26
11-09-2022,19:43:17,2,23
11-09-2022,20:13:17,7,24
11-09-2022,20:43:18,4,36
11-09-2022,21:13:18,3,18
11-09-2022,21:43:19,9,39
11-09-2022,22:13:20,8,21
11-09-2022,22:43:20,5,33
11-09-2022,23:13:21,5,37
11-09-2022,23:43:21,4,20
11-10-2022,00:13:22,15,96
11-10-2022,00:43:25,13,106
11-10-2022,01:13:26,5,22
11-10-2022,01:43:27,1,0
11-10-2022,02:13:28,2,6
11-10-2022,02:43:28,0,1
11-10-2022,03:13:29,2,1
11-10-2022,03:43:29,3,18
11-10-2022,04:13:30,0,0
11-10-2022,04:43:30,0,0
11-10-2022,05:13:31,0,0
11-10-2022,05:43:31,0,4
11-10-2022,06:13:32,0,0
11-10-2022,06:43:32,7,48
11-10-2022,07:13:35,1,91
11-10-2022,07:43:36,6,40
11-10-2022,08:13:36,8,71
11-10-2022,08:43:42,2,4
11-10-2022,09:13:43,3,11
11-10-2022,09:43:44,2,7
11-10-2022,10:13:50,3,17
11-10-2022,10:43:51,1,0
11-10-2022,11:13:51,5,22
11-10-2022,11:43:52,5,17
11-10-2022,12:13:53,2,9
11-10-2022,12:43:53,5,22
11-10-2022,13:13:54,5,9
11-10-2022,13:43:54,2,16
11-10-2022,14:13:55,0,8
11-10-2022,14:43:53,4,17
11-10-2022,15:13:56,0,8
11-10-2022,15:43:56,4,16
11-10-2022,16:13:57,5,20
11-10-2022,16:43:58,11,28
11-10-2022,17:13:59,4,27
11-10-2022,17:43:59,4,31
11-10-2022,18:14:00,6,18
11-10-2022,18:44:00,3,13
11-10-2022,19:14:01,10,14
11-10-2022,19:44:01,4,29
11-10-2022,20:14:02,5,28
11-10-2022,20:44:02,2,9
11-10-2022,21:14:03,4,29
11-11-2022,18:00:58,15,107
11-11-2022,18:30:59,11,87
11-11-2022,19:00:59,9,52
11-11-2022,19:31:00,9,31
11-11-2022,20:01:00,8,59
11-11-2022,20:31:01,11,31
11-11-2022,21:01:01,8,26
11-11-2022,21:31:02,6,18
11-11-2022,22:01:02,8,46
11-11-2022,22:31:03,5,34
11-11-2022,23:01:03,4,18
11-11-2022,23:31:04,8,36
11-12-2022,00:01:04,15,62
11-12-2022,00:31:08,11,53
11-12-2022,01:01:09,6,74
11-12-2022,01:31:09,2,27
11-12-2022,02:01:10,2,7
11-12-2022,02:31:10,1,33
11-12-2022,03:01:11,4,6
11-12-2022,03:31:11,4,31
11-12-2022,04:01:12,0,0
11-12-2022,04:31:12,0,0
11-12-2022,05:01:13,0,1
11-12-2022,05:31:13,1,0
11-12-2022,06:01:14,1,50
11-12-2022,06:31:14,0,0
11-12-2022,07:01:15,3,0
11-12-2022,07:31:15,3,21
11-12-2022,08:01:16,0,1
11-12-2022,08:31:16,2,5
11-12-2022,09:01:17,2,8
11-12-2022,09:31:17,2,5
11-12-2022,10:01:18,3,21
11-12-2022,10:31:18,3,7
11-12-2022,11:01:19,4,7
11-12-2022,11:31:19,4,21
11-12-2022,12:01:19,2,15
11-12-2022,12:31:20,2,28
11-12-2022,13:01:21,4,4
11-12-2022,13:31:21,1,6
11-12-2022,14:01:22,1,14
11-12-2022,14:31:22,5,5
11-12-2022,15:01:22,4,22
11-12-2022,15:31:23,4,8
11-12-2022,16:01:23,2,27
11-12-2022,16:31:24,2,17
11-12-2022,17:01:24,3,9
11-12-2022,17:31:25,3,16
11-12-2022,18:01:25,2,11
11-12-2022,18:31:26,5,10
11-12-2022,19:01:26,8,27
11-12-2022,19:31:27,6,16
11-12-2022,20:01:27,6,10
11-12-2022,20:31:27,3,33
11-12-2022,21:01:28,8,20
11-12-2022,21:31:29,2,26
11-12-2022,22:01:29,10,22
11-12-2022,22:31:30,5,19
11-12-2022,23:01:30,3,6
11-12-2022,23:31:31,4,9
11-13-2022,00:01:31,15,62
11-13-2022,00:31:35,12,107
11-13-2022,01:01:35,5,19
11-13-2022,01:31:36,1,31
11-13-2022,02:01:37,7,31
11-13-2022,02:31:37,0,3
11-13-2022,03:01:38,1,2
11-13-2022,03:31:38,2,7
11-13-2022,04:01:39,1,10
11-13-2022,04:31:39,0,0
11-13-2022,05:01:40,0,0
11-13-2022,05:31:40,1,0
11-13-2022,06:01:41,2,6
11-13-2022,06:31:41,0,0
11-13-2022,07:01:42,0,0
11-13-2022,07:31:42,0,2
11-13-2022,08:01:43,2,10
11-13-2022,08:31:43,4,19
11-13-2022,09:01:44,2,9
11-13-2022,09:31:44,4,56
11-13-2022,10:01:44,8,66
11-13-2022,10:31:45,1,13
11-13-2022,11:01:46,1,10
11-13-2022,11:31:46,6,53
11-13-2022,12:01:47,4,18
11-13-2022,12:31:47,2,25
11-13-2022,13:01:48,3,27
11-13-2022,13:31:48,7,26
11-13-2022,14:01:49,3,14
11-13-2022,14:31:50,6,29
11-13-2022,15:01:50,8,8
11-13-2022,15:31:50,2,15
11-13-2022,16:01:51,2,21
11-13-2022,16:31:52,1,15
11-13-2022,17:01:53,1,10
11-13-2022,17:31:53,4,17
11-13-2022,18:01:53,6,18
11-13-2022,18:31:54,3,31
11-13-2022,19:01:54,7,12
11-13-2022,19:31:55,6,23
11-13-2022,20:01:55,6,32
11-13-2022,20:31:56,3,16
11-13-2022,21:01:56,5,16
11-13-2022,21:31:57,3,25
11-13-2022,22:01:58,3,26
11-13-2022,22:31:59,9,15
11-13-2022,23:01:59,4,30
11-13-2022,23:32:00,1,19
11-14-2022,00:02:00,15,88
11-14-2022,00:32:04,9,50
11-14-2022,01:02:04,3,15
11-14-2022,01:32:05,3,8
11-14-2022,02:02:05,2,35
11-14-2022,02:32:06,1,1
11-14-2022,03:02:06,1,16
11-14-2022,03:32:07,4,14
11-14-2022,04:02:07,0,5
11-14-2022,04:32:08,1,0
11-14-2022,05:02:08,2,5
11-14-2022,05:32:09,1,3
11-14-2022,06:02:09,3,15
11-14-2022,06:32:09,1,10
11-14-2022,07:02:10,0,1
11-14-2022,07:32:10,1,1
11-14-2022,08:02:11,3,7
11-14-2022,08:32:11,1,10
11-14-2022,09:02:12,2,21
11-14-2022,09:32:12,2,9
11-14-2022,10:02:13,4,10
11-14-2022,10:32:13,4,16
11-14-2022,11:02:14,1,10
11-14-2022,11:32:14,5,23
11-14-2022,12:02:15,3,21
11-14-2022,12:32:15,9,94
11-14-2022,13:02:16,3,16
11-14-2022,13:32:16,1,38
11-14-2022,14:02:17,2,8
11-14-2022,14:32:17,5,12
11-14-2022,15:02:18,7,51
11-14-2022,15:32:19,5,93
11-14-2022,16:02:19,6,18
11-14-2022,16:32:20,3,11
11-14-2022,17:02:20,4,24
11-14-2022,17:32:21,2,6
11-14-2022,18:02:21,2,10
11-14-2022,18:32:22,5,21
11-14-2022,19:02:22,1,11
11-14-2022,19:32:23,3,28
11-14-2022,20:02:24,5,30
11-14-2022,20:32:24,5,23
11-14-2022,21:02:25,6,27
11-14-2022,21:32:25,1,23
11-14-2022,22:02:27,3,21
11-14-2022,22:32:28,4,29
11-14-2022,23:02:28,4,11
11-14-2022,23:32:29,3,35
11-15-2022,00:02:30,15,116
11-15-2022,00:32:41,14,61
11-15-2022,01:02:42,8,112
11-15-2022,01:32:43,3,10
11-15-2022,02:02:43,2,44
11-15-2022,02:32:44,1,0
11-15-2022,03:02:44,6,19
11-15-2022,03:32:45,2,2
11-15-2022,04:02:45,1,5
11-15-2022,04:32:46,1,0
11-15-2022,05:02:47,2,0
11-15-2022,05:32:47,2,7
11-15-2022,06:02:48,0,0
11-15-2022,06:32:48,0,0
11-15-2022,07:02:49,0,1
11-15-2022,07:32:49,1,2
11-15-2022,08:02:50,1,5
11-15-2022,08:32:50,1,25
11-15-2022,09:02:51,0,21
11-15-2022,09:32:51,1,28
11-15-2022,10:02:52,3,40
11-15-2022,10:32:53,4,23
11-15-2022,11:02:53,7,13
11-15-2022,11:32:54,2,12
11-15-2022,12:02:54,1,20
11-15-2022,12:32:55,6,19
11-15-2022,13:03:07,0,15
11-15-2022,13:33:09,3,9
11-15-2022,14:03:09,5,10
11-15-2022,14:33:11,0,5
11-15-2022,15:03:12,8,23
11-15-2022,15:33:12,3,12
11-15-2022,16:03:13,3,15
11-15-2022,16:33:13,5,11
11-15-2022,17:03:14,3,10
11-15-2022,17:33:16,3,21
11-15-2022,18:03:17,9,82
11-15-2022,18:33:17,1,7
11-15-2022,19:03:18,4,18
11-15-2022,19:33:19,2,18
11-15-2022,20:03:20,6,22
11-15-2022,20:33:21,4,22
11-15-2022,21:03:21,2,23
11-15-2022,21:33:22,2,24
11-15-2022,22:03:22,2,9
11-15-2022,22:33:23,6,21
11-15-2022,23:03:24,4,31
11-15-2022,23:33:24,4,46
11-16-2022,00:03:25,15,146
11-16-2022,00:33:28,8,244
11-16-2022,01:03:29,7,47
11-16-2022,01:33:30,1,12
11-16-2022,02:03:30,1,3
11-16-2022,02:33:31,4,9
11-16-2022,03:03:31,3,8
11-16-2022,03:33:32,0,0
11-16-2022,04:03:32,0,0
11-16-2022,04:33:33,0,0
11-16-2022,05:03:33,0,0
11-16-2022,05:33:34,1,1
11-16-2022,06:03:34,1,0
11-16-2022,06:33:35,0,0
11-16-2022,07:03:35,0,3
11-16-2022,07:33:36,0,5
11-16-2022,08:03:36,3,150
11-16-2022,08:33:37,1,12
11-16-2022,09:03:37,2,23
11-16-2022,09:33:37,1,5
11-16-2022,10:03:38,3,35
11-16-2022,10:33:39,6,22
11-16-2022,11:03:39,2,16
11-16-2022,11:33:40,4,4
11-16-2022,12:03:40,0,4
11-16-2022,12:33:41,3,12
11-16-2022,13:03:41,4,16
11-16-2022,13:33:42,3,17
11-16-2022,14:03:42,5,19
11-16-2022,14:33:43,5,32
11-16-2022,15:03:43,3,17
11-16-2022,15:33:44,3,22
11-16-2022,16:03:45,4,8
11-16-2022,16:33:45,7,28
11-16-2022,17:03:46,4,64
11-16-2022,17:33:47,5,34
11-16-2022,18:03:47,5,21
11-16-2022,18:33:48,6,24
11-16-2022,19:27:39,5,15
11-16-2022,19:57:39,5,32
11-16-2022,20:27:40,3,327
11-16-2022,20:57:42,2,27
11-16-2022,21:27:48,1,14
11-16-2022,21:57:48,5,22
11-16-2022,22:27:49,7,27
11-16-2022,22:57:51,3,10
11-16-2022,23:27:51,2,14
11-16-2022,23:57:52,3,19
11-17-2022,00:27:52,15,120
11-17-2022,00:57:56,5,25
11-17-2022,01:27:57,3,8
11-17-2022,01:57:58,1,4
11-17-2022,02:27:59,1,1
11-17-2022,02:58:00,0,0
11-17-2022,03:28:01,1,0
11-17-2022,03:58:01,0,1
11-17-2022,04:28:02,0,2
11-17-2022,04:58:02,0,0
11-17-2022,05:28:03,0,0
11-17-2022,05:58:04,0,0
11-17-2022,06:28:04,0,0
11-17-2022,06:58:05,0,0
11-17-2022,07:28:05,1,1
11-17-2022,07:58:06,2,22
11-17-2022,08:28:07,1,3
11-17-2022,08:58:08,1,0
11-17-2022,09:28:10,6,14
11-17-2022,09:58:10,3,14
11-17-2022,10:28:10,0,0
11-17-2022,10:58:11,3,13
11-17-2022,11:28:12,8,23
11-17-2022,11:58:12,3,26
11-17-2022,12:28:13,3,21
11-17-2022,12:58:13,5,27
11-17-2022,13:28:13,5,17
11-17-2022,13:58:14,1,11
11-17-2022,14:28:14,5,26
11-17-2022,14:58:15,2,26
11-17-2022,15:28:16,4,14
11-17-2022,15:58:17,4,15
11-17-2022,16:28:17,3,23
11-17-2022,16:58:17,2,19
11-17-2022,17:28:18,5,29
11-17-2022,17:58:18,6,23
11-17-2022,18:28:19,2,12
11-17-2022,18:58:19,7,23
11-17-2022,19:28:20,4,12
11-17-2022,19:58:20,6,25
11-17-2022,20:28:20,0,12
11-17-2022,20:58:21,6,20
11-17-2022,21:28:21,4,65
11-17-2022,21:58:22,3,17
11-17-2022,22:28:23,8,14
11-17-2022,22:58:23,4,40
11-17-2022,23:28:24,5,31
11-17-2022,23:58:24,5,37
11-18-2022,00:28:25,15,138
11-18-2022,00:58:28,10,64
11-18-2022,01:28:29,9,68
11-18-2022,01:58:29,7,125
11-18-2022,02:28:30,1,3
11-18-2022,02:58:30,1,2
11-18-2022,03:28:31,3,28
11-18-2022,03:58:31,1,1
11-18-2022,04:28:32,1,5
11-18-2022,04:58:32,0,0
11-18-2022,05:28:32,1,2
11-18-2022,05:58:33,2,2
11-18-2022,06:28:33,0,0
11-18-2022,06:58:34,0,0
11-18-2022,07:28:34,1,3
11-18-2022,07:58:35,1,14
11-18-2022,08:28:35,0,3
11-18-2022,08:58:36,0,5
11-18-2022,09:28:37,2,9
11-18-2022,09:58:37,4,10
11-18-2022,10:28:38,5,26
11-18-2022,10:58:38,3,27
11-18-2022,11:28:38,2,14
11-18-2022,11:58:39,7,43
11-18-2022,12:28:39,4,13
11-18-2022,12:58:40,0,17
11-18-2022,13:28:40,5,17
11-18-2022,13:58:41,1,13
11-18-2022,14:28:41,4,22
11-18-2022,14:58:41,6,12
11-18-2022,15:28:42,6,22
11-18-2022,15:58:42,3,18
11-18-2022,16:28:43,3,24
11-18-2022,16:58:43,5,24
11-18-2022,17:28:44,2,18
11-18-2022,17:58:44,6,19
11-18-2022,18:28:44,3,19
11-18-2022,18:58:45,2,22
11-18-2022,19:28:45,2,31
11-18-2022,19:58:46,1,10
11-18-2022,20:28:46,0,16
11-18-2022,20:58:46,1,4
11-18-2022,21:28:47,4,11
11-18-2022,21:58:47,4,14
11-18-2022,22:28:48,3,8
11-18-2022,22:58:48,4,17
11-18-2022,23:28:49,2,11
11-18-2022,23:58:49,5,11
11-19-2022,00:28:50,15,74
11-19-2022,00:58:53,9,31
11-19-2022,01:28:53,2,3
11-19-2022,01:58:54,1,6
11-19-2022,02:28:54,1,3
11-19-2022,02:58:55,3,11
11-19-2022,03:28:55,0,0
11-19-2022,03:58:55,0,0
11-19-2022,04:28:56,0,1
11-19-2022,04:58:56,0,0
11-19-2022,05:28:57,2,30
11-19-2022,05:58:57,0,0
11-19-2022,06:28:58,0,1
11-19-2022,06:58:58,0,0
11-19-2022,07:28:59,4,36
11-19-2022,07:58:59,3,3
11-19-2022,08:29:00,0,1
11-19-2022,08:59:00,2,40
11-19-2022,09:29:01,1,3
11-19-2022,09:59:01,1,7
11-19-2022,10:29:02,10,89
11-19-2022,10:59:02,3,3
11-19-2022,11:29:03,7,62
11-19-2022,11:59:03,4,29
11-19-2022,12:29:03,2,18
11-19-2022,12:59:04,5,8
11-19-2022,13:29:04,4,15
11-19-2022,13:59:05,4,36
11-19-2022,14:29:05,4,17
11-19-2022,14:59:06,2,12
11-19-2022,15:29:06,3,27
11-19-2022,15:59:07,5,12
11-19-2022,16:29:07,6,6
11-19-2022,16:59:08,2,12
11-19-2022,17:29:08,2,14
11-19-2022,17:59:08,7,16
11-19-2022,18:29:09,5,11
11-19-2022,18:59:09,2,21
11-19-2022,19:29:10,2,10
11-19-2022,19:59:10,3,4
11-19-2022,20:29:10,2,11
11-19-2022,20:59:11,5,40
11-19-2022,21:29:11,4,15
11-19-2022,21:59:12,3,9
11-19-2022,22:29:12,2,14
11-19-2022,22:59:13,1,8
11-19-2022,23:29:14,2,7
11-19-2022,23:59:17,7,45
11-20-2022,00:29:18,15,126
11-20-2022,00:59:22,7,11
11-20-2022,01:29:22,1,1
11-20-2022,01:59:22,4,25
11-20-2022,02:29:23,6,33
11-20-2022,02:59:23,6,4
11-20-2022,03:29:24,1,2
11-20-2022,03:59:24,1,1
11-20-2022,04:29:25,2,2
11-20-2022,04:59:26,0,0
11-20-2022,05:29:26,0,0
11-20-2022,05:59:26,0,0
11-20-2022,06:29:27,0,0
11-20-2022,06:59:27,0,0
11-20-2022,07:29:28,0,0
11-20-2022,07:59:28,0,0
11-20-2022,08:29:29,6,49
11-20-2022,08:59:29,3,7
11-20-2022,09:29:30,4,19
11-20-2022,09:59:30,1,4
11-20-2022,10:29:31,0,1
11-20-2022,10:59:32,2,21
11-20-2022,11:29:32,3,10
11-20-2022,11:59:32,2,20
11-20-2022,12:29:33,2,5
11-20-2022,12:59:33,4,21
11-20-2022,13:29:34,2,6
11-20-2022,13:59:34,4,12
11-20-2022,14:29:35,7,13
11-20-2022,14:59:35,2,29
11-20-2022,15:29:36,1,7
11-20-2022,15:59:36,4,9
11-20-2022,16:29:37,4,29
11-20-2022,16:59:37,3,20
11-20-2022,17:29:39,5,18
11-20-2022,17:59:39,1,11
11-20-2022,18:29:40,7,13
11-20-2022,18:59:40,5,29
11-20-2022,19:29:41,2,12
11-20-2022,19:59:41,0,10
11-20-2022,20:29:42,2,14
11-20-2022,20:59:42,3,14
11-20-2022,21:29:43,4,8
11-20-2022,21:59:43,2,11
11-20-2022,22:29:44,4,9
11-20-2022,22:59:44,3,26
11-20-2022,23:29:45,6,26
11-20-2022,23:59:45,4,23
11-21-2022,00:29:45,15,94
11-21-2022,00:59:49,3,19
11-21-2022,01:29:49,4,41
11-21-2022,01:59:50,1,16
11-21-2022,02:29:50,1,3
11-21-2022,02:59:51,0,3
11-21-2022,03:29:51,0,2
11-21-2022,03:59:52,0,0
11-21-2022,04:29:52,0,0
11-21-2022,04:59:52,0,0
11-21-2022,05:29:53,4,24
11-21-2022,05:59:53,0,1
11-21-2022,06:29:54,1,3
11-21-2022,06:59:54,2,22
11-21-2022,07:29:55,2,13
11-21-2022,07:59:55,2,7
11-21-2022,08:29:56,2,7
11-21-2022,08:59:56,1,9
11-21-2022,09:29:56,2,5
11-21-2022,09:59:57,3,5
11-21-2022,10:29:57,4,5
11-21-2022,10:59:58,2,15
11-21-2022,11:29:58,6,44
11-21-2022,11:59:59,2,45
11-21-2022,12:29:59,2,9
11-21-2022,13:00:00,4,9
11-21-2022,13:30:00,2,11
11-21-2022,14:00:01,3,11
11-21-2022,14:30:01,4,13
11-21-2022,15:00:01,2,12
11-21-2022,15:30:02,1,10
11-21-2022,16:00:02,0,7
11-21-2022,16:30:03,7,5
11-21-2022,17:00:03,6,18
11-21-2022,17:30:04,3,22
11-21-2022,18:00:04,2,2
11-21-2022,18:30:05,1,8
11-21-2022,19:00:06,1,8
11-21-2022,19:30:06,4,20
11-21-2022,20:00:06,1,17
11-21-2022,20:30:07,1,16
11-21-2022,21:00:07,1,10
11-21-2022,21:30:08,3,21
11-21-2022,22:00:08,1,8
11-21-2022,22:30:09,2,20
11-21-2022,23:00:09,6,13
11-21-2022,23:30:10,1,14
11-22-2022,00:00:10,15,111
11-22-2022,00:30:14,4,17
11-22-2022,01:00:15,8,40
11-22-2022,01:30:15,1,31
11-22-2022,02:00:16,1,15
11-22-2022,02:30:16,0,3
11-22-2022,03:00:17,0,3
11-22-2022,03:30:17,2,0
11-22-2022,04:00:17,0,0
11-22-2022,04:30:18,0,0
11-22-2022,05:00:18,0,2
11-22-2022,05:30:19,0,0
11-22-2022,06:00:19,0,0
11-22-2022,06:30:20,0,1
11-22-2022,07:00:20,0,0
11-22-2022,07:30:20,0,1
11-22-2022,08:00:21,0,0
11-22-2022,08:30:21,3,10
11-22-2022,09:00:22,2,7
11-22-2022,09:30:22,1,17
11-22-2022,10:00:23,1,6
11-22-2022,10:30:23,4,37
11-22-2022,11:00:24,0,4
11-22-2022,11:30:24,5,37
11-22-2022,12:00:25,2,21
11-22-2022,12:30:25,0,7
11-22-2022,13:00:26,4,8
11-22-2022,13:30:26,6,10
11-22-2022,14:00:27,1,4
11-22-2022,14:30:27,2,7
11-22-2022,15:00:28,1,12
11-22-2022,15:30:28,0,4
11-22-2022,16:00:29,1,10
11-22-2022,16:30:30,1,8
11-22-2022,17:00:31,4,20
11-22-2022,17:30:32,1,14
11-22-2022,18:00:32,2,3
11-22-2022,18:30:32,4,17
11-22-2022,19:00:33,5,27
11-22-2022,19:30:33,4,5
11-22-2022,20:00:34,3,17
11-22-2022,20:30:34,3,25
11-22-2022,21:00:35,1,15
11-22-2022,21:30:38,5,16
11-22-2022,22:00:39,4,17
11-22-2022,22:30:39,2,13
11-22-2022,23:00:40,2,9
11-22-2022,23:30:40,3,12
11-23-2022,00:00:41,15,155
11-23-2022,00:30:44,3,29
11-23-2022,01:00:45,4,4
11-23-2022,01:30:45,3,7
11-23-2022,02:00:46,2,36
11-23-2022,02:30:46,0,22
11-23-2022,03:00:47,0,2
11-23-2022,03:30:47,1,6
11-23-2022,04:00:48,5,27
11-23-2022,04:30:49,1,41
11-23-2022,05:00:49,1,1
11-23-2022,05:30:49,2,3
11-23-2022,06:00:50,1,0
11-23-2022,06:30:51,1,1
11-23-2022,07:00:51,3,11
11-23-2022,07:30:52,0,5
11-23-2022,08:00:52,2,11
11-23-2022,08:30:52,1,3
11-23-2022,09:00:53,0,6
11-23-2022,09:30:53,2,11
11-23-2022,10:00:54,4,3
11-23-2022,10:30:54,0,4
11-23-2022,11:00:55,2,15
11-23-2022,11:30:55,1,3
11-23-2022,12:00:56,1,6
11-23-2022,12:30:56,1,14
11-23-2022,13:00:57,2,17
11-23-2022,13:30:57,4,13
11-23-2022,14:00:58,3,13
11-23-2022,14:30:58,2,33
11-23-2022,15:00:59,5,14
11-23-2022,15:30:59,3,3
11-23-2022,16:01:00,2,7
11-23-2022,16:31:00,0,4
11-23-2022,17:01:01,3,26
11-23-2022,17:31:01,2,29
11-23-2022,18:01:02,3,12
11-23-2022,18:31:02,3,5
11-23-2022,19:01:03,1,16
11-23-2022,19:31:01,3,8
11-23-2022,20:01:03,2,12
11-23-2022,20:31:04,1,5
11-23-2022,21:01:05,2,13
11-23-2022,21:31:05,1,14
11-23-2022,22:01:06,1,11
11-23-2022,22:31:06,3,6
11-23-2022,23:01:07,2,15
11-23-2022,23:31:08,2,10
11-24-2022,00:01:09,15,94
11-24-2022,00:31:13,6,43
11-24-2022,01:01:13,7,40
11-24-2022,01:31:14,1,17
11-24-2022,02:01:14,1,5
11-24-2022,02:31:15,0,0
11-24-2022,03:01:15,2,19
11-24-2022,03:31:16,0,0
11-24-2022,04:01:17,0,1
11-24-2022,04:31:17,0,1
11-24-2022,05:01:18,1,0
11-24-2022,05:31:18,0,1
11-24-2022,06:01:19,0,1
11-24-2022,06:31:20,0,5
11-24-2022,07:01:20,4,0
11-24-2022,07:31:21,0,0
11-24-2022,08:01:21,0,1
11-24-2022,08:31:22,2,8
11-24-2022,09:01:22,1,9
11-24-2022,09:31:23,0,5
11-24-2022,10:01:23,1,15
11-24-2022,10:31:24,2,2
11-24-2022,11:01:24,3,8
11-24-2022,11:31:25,1,1
11-24-2022,12:01:25,3,20
11-24-2022,12:31:26,3,15
11-24-2022,13:01:26,3,4
11-24-2022,13:31:27,2,8
11-24-2022,14:01:28,1,11
11-24-2022,14:31:28,1,2
11-24-2022,15:01:29,1,2
11-24-2022,15:31:29,2,6
11-24-2022,16:01:30,2,1
11-24-2022,16:31:36,0,6
11-24-2022,17:01:37,1,10
11-24-2022,17:31:37,0,12
11-24-2022,18:01:38,1,4
11-24-2022,18:31:39,2,6
11-24-2022,19:01:39,0,2
11-24-2022,19:31:40,1,7
11-24-2022,20:01:40,1,6
11-24-2022,20:31:41,1,4
11-24-2022,21:01:41,1,4
11-24-2022,21:31:42,1,0
11-24-2022,22:01:43,3,9
11-24-2022,22:31:44,5,25
11-24-2022,23:01:44,2,12
11-24-2022,23:31:45,3,9
11-25-2022,00:01:45,15,41
11-25-2022,00:31:49,5,34
11-25-2022,01:01:49,0,6
11-25-2022,01:31:57,0,0
11-25-2022,02:01:58,1,2
11-25-2022,02:32:05,0,0
11-25-2022,03:02:05,2,10
11-25-2022,03:32:06,0,0
11-25-2022,04:02:06,4,9
11-25-2022,04:32:07,0,1
11-25-2022,05:02:08,0,0
11-25-2022,05:32:08,0,2
11-25-2022,06:02:09,0,2
11-25-2022,06:32:09,1,0
11-25-2022,07:02:10,0,0
11-25-2022,07:32:11,0,1
11-25-2022,08:02:11,0,0
11-25-2022,08:32:11,0,0
11-25-2022,09:02:12,2,0
11-25-2022,09:32:12,0,2
11-25-2022,10:02:13,2,9
11-25-2022,10:32:14,2,12
11-25-2022,11:02:14,1,3
11-25-2022,11:32:15,1,5
11-25-2022,12:02:15,1,5
11-25-2022,12:32:16,3,5
11-25-2022,13:02:16,3,22
11-25-2022,13:32:16,0,0
11-25-2022,14:02:17,0,6
11-25-2022,14:32:17,1,3
11-25-2022,15:02:18,4,6
11-25-2022,15:32:19,3,6
11-25-2022,16:02:20,2,10
11-25-2022,16:32:21,1,6
11-25-2022,17:02:21,1,7
11-25-2022,17:32:21,1,8
11-25-2022,18:02:22,1,3
11-25-2022,18:32:32,1,7
11-25-2022,19:02:33,0,2
11-25-2022,19:32:34,1,2
11-25-2022,20:02:34,1,6
11-25-2022,20:32:35,2,7
11-25-2022,21:02:36,4,8
11-25-2022,21:32:36,0,6
11-25-2022,22:02:37,3,2
11-25-2022,22:32:38,1,11
11-25-2022,23:02:39,1,11
11-25-2022,23:32:40,1,1
11-26-2022,00:02:41,15,87
11-26-2022,00:32:44,1,10
11-26-2022,01:02:45,1,13
11-26-2022,01:32:45,1,1
11-26-2022,02:02:46,3,5
11-26-2022,02:32:47,1,1
11-26-2022,03:02:50,1,3
11-26-2022,16:34:19,0,5
11-26-2022,17:04:20,4,14
11-26-2022,17:34:21,2,29
11-26-2022,18:04:22,6,42
11-26-2022,18:34:22,0,14
11-26-2022,19:04:22,4,20
11-26-2022,19:34:23,1,15
11-26-2022,20:04:24,2,12
11-26-2022,20:34:24,1,12
11-26-2022,21:04:24,5,14
11-26-2022,21:34:25,2,18
11-26-2022,22:04:26,3,15
11-26-2022,22:34:26,2,7
11-26-2022,23:04:27,1,16
11-26-2022,23:34:27,2,14
11-27-2022,00:04:28,15,107
11-27-2022,00:34:31,5,13
11-27-2022,01:04:32,1,8
11-27-2022,01:34:32,3,5
11-27-2022,02:04:33,0,0
11-27-2022,02:34:33,1,10
11-27-2022,03:04:34,2,30
11-27-2022,03:34:34,1,0
11-27-2022,04:04:35,3,13
11-27-2022,04:34:35,0,4
11-27-2022,05:04:36,0,4
11-27-2022,05:34:36,0,1
11-27-2022,06:04:37,2,4
11-27-2022,06:34:38,0,0
11-27-2022,07:04:38,0,1
11-27-2022,07:34:39,0,1
11-27-2022,08:04:39,1,8
11-27-2022,08:34:40,1,1
11-27-2022,09:04:40,0,3
11-27-2022,09:34:40,2,26
11-27-2022,10:04:41,2,16
11-27-2022,10:34:42,2,19
11-27-2022,11:04:42,1,4
11-27-2022,11:34:43,4,8
11-27-2022,12:04:43,3,12
11-27-2022,12:34:44,0,3
11-27-2022,13:04:44,5,14
11-27-2022,13:34:45,3,14
11-27-2022,14:04:45,3,14
11-27-2022,14:34:46,3,13
11-27-2022,15:04:46,1,3
11-27-2022,15:34:47,2,13
11-27-2022,16:04:47,0,4
11-27-2022,16:34:48,2,5
11-27-2022,17:04:48,2,7
11-27-2022,17:34:49,1,10
11-27-2022,18:04:49,4,54
11-27-2022,18:34:50,1,22
11-27-2022,19:04:50,4,12
11-27-2022,19:34:51,2,10
11-27-2022,20:04:51,2,8
11-27-2022,20:34:52,3,15
11-27-2022,21:04:52,6,7
11-27-2022,21:34:53,1,4
11-27-2022,22:04:54,4,3
11-27-2022,22:34:55,1,6
11-27-2022,23:04:56,5,10
11-27-2022,23:34:56,5,14
11-28-2022,00:04:56,15,61
11-28-2022,00:35:00,10,27
11-28-2022,01:05:01,0,4
11-28-2022,01:35:01,1,11
11-28-2022,02:05:02,5,12
11-28-2022,02:35:02,1,1
11-28-2022,03:05:03,0,0
11-28-2022,03:35:03,1,0
11-28-2022,04:05:04,4,35
11-28-2022,04:35:04,0,2
11-28-2022,05:05:05,1,0
11-28-2022,05:35:05,1,0
11-28-2022,06:05:06,1,2
11-28-2022,06:35:07,0,5
11-28-2022,07:05:07,0,0
11-28-2022,07:35:08,1,5
11-28-2022,08:05:08,2,2
11-28-2022,08:35:08,4,8
11-28-2022,09:05:09,1,14
11-28-2022,09:35:09,4,14
11-28-2022,10:05:10,3,17
11-28-2022,10:35:10,2,14
11-28-2022,11:05:11,4,12
11-28-2022,11:35:11,3,29
11-28-2022,12:05:12,2,12
11-28-2022,12:35:13,4,23
11-28-2022,13:05:13,3,5
11-28-2022,13:35:13,6,56
11-28-2022,14:05:14,8,37
11-28-2022,14:35:15,4,17
11-28-2022,15:05:15,3,14
11-28-2022,15:35:16,5,23
11-28-2022,16:05:16,3,17
11-28-2022,16:35:17,5,14
11-28-2022,17:05:17,4,20
11-28-2022,17:35:18,0,14
11-28-2022,18:05:19,0,8
11-28-2022,18:35:19,4,7
11-28-2022,19:05:20,1,7
11-28-2022,19:35:20,2,14
11-28-2022,20:05:21,2,20
11-28-2022,20:35:21,6,48
11-28-2022,21:05:22,3,5
11-28-2022,21:35:23,5,25
11-28-2022,22:05:23,2,19
11-28-2022,22:35:24,4,12
11-28-2022,23:05:24,2,13
11-28-2022,23:35:25,4,15
11-29-2022,00:05:26,15,96
11-29-2022,00:35:29,4,13
11-29-2022,01:05:30,2,12
11-29-2022,01:35:30,3,2
11-29-2022,02:05:31,2,8
11-29-2022,02:35:31,3,28
11-29-2022,03:05:32,1,9
11-29-2022,03:35:32,1,5
11-29-2022,04:05:33,1,9
11-29-2022,04:35:33,0,0
11-29-2022,05:05:34,0,0
11-29-2022,05:35:34,0,0
11-29-2022,06:05:35,0,0
11-29-2022,06:35:35,1,1
11-29-2022,07:05:36,0,2
11-29-2022,07:35:37,2,0
11-29-2022,08:05:37,0,10
11-29-2022,08:35:38,1,5
11-29-2022,09:05:39,1,9
11-29-2022,09:35:39,0,6
11-29-2022,10:05:40,1,9
11-29-2022,10:35:40,3,13
11-29-2022,11:05:40,5,6
11-29-2022,11:35:41,2,10
11-29-2022,12:05:42,3,14
11-29-2022,12:35:42,6,27
11-29-2022,13:05:43,2,18
11-29-2022,13:35:43,2,12
11-29-2022,14:05:44,1,17
11-29-2022,14:35:44,5,24
11-29-2022,15:05:45,1,10
11-29-2022,15:35:45,5,37
11-29-2022,16:05:46,1,5
11-29-2022,16:35:46,5,21
11-29-2022,17:05:47,2,16
11-29-2022,17:35:47,7,18
11-29-2022,18:05:48,7,42
11-29-2022,18:35:48,6,24
11-29-2022,19:05:49,3,12
11-29-2022,19:35:49,4,13
11-29-2022,20:05:50,3,13
11-29-2022,20:35:51,6,18
11-29-2022,21:05:51,8,67
11-29-2022,21:35:52,7,29
11-29-2022,22:05:52,5,16
11-29-2022,22:35:53,4,24
11-29-2022,23:05:51,5,29
11-29-2022,23:35:54,3,22
11-30-2022,00:05:54,15,62
11-30-2022,00:35:58,6,80
11-30-2022,01:05:58,3,29
11-30-2022,01:35:59,4,10
11-30-2022,02:05:59,6,69
11-30-2022,02:36:00,3,1
11-30-2022,03:06:00,3,6
11-30-2022,03:36:01,0,5
11-30-2022,04:06:01,1,5
11-30-2022,04:36:02,1,3
11-30-2022,05:06:02,0,0
11-30-2022,05:36:03,0,0
11-30-2022,06:06:03,0,0
11-30-2022,06:36:04,0,0
11-30-2022,07:06:05,0,0
11-30-2022,07:36:05,0,3
11-30-2022,08:06:05,0,3
11-30-2022,08:36:06,3,7
11-30-2022,09:06:06,5,6
11-30-2022,09:36:07,8,15
11-30-2022,10:06:08,2,12
11-30-2022,10:36:08,6,27
11-30-2022,11:06:09,4,15
11-30-2022,11:36:09,6,16
11-30-2022,12:06:10,2,18
11-30-2022,12:36:10,4,23
11-30-2022,13:06:11,9,29
11-30-2022,13:36:12,5,35
11-30-2022,14:06:12,5,32
11-30-2022,14:36:13,3,14
11-30-2022,15:06:13,4,23
11-30-2022,15:36:14,3,30
11-30-2022,16:06:14,2,20
11-30-2022,16:36:15,3,27
11-30-2022,17:06:15,5,22
11-30-2022,17:36:15,5,38
11-30-2022,18:06:16,6,22
11-30-2022,18:36:16,3,33
11-30-2022,19:06:17,2,26
11-30-2022,19:36:19,8,26
11-30-2022,20:06:19,5,26
11-30-2022,20:36:20,3,41
11-30-2022,21:06:20,3,29
11-30-2022,21:36:28,9,58
11-30-2022,22:06:28,3,32
11-30-2022,22:36:29,4,40
11-30-2022,23:06:30,5,23
11-30-2022,23:36:31,4,33
12-01-2022,00:06:31,15,107
12-01-2022,00:36:35,7,68
12-01-2022,01:06:35,10,71
12-01-2022,01:36:36,3,22
12-01-2022,02:06:36,7,61
12-01-2022,02:36:37,4,13
12-01-2022,03:06:37,1,4
12-01-2022,03:36:38,0,1
12-01-2022,04:06:38,2,1
12-01-2022,04:36:39,5,16
12-01-2022,05:06:39,3,17
12-01-2022,05:36:40,3,3
12-01-2022,06:06:41,0,0
12-01-2022,06:36:41,0,0
12-01-2022,07:06:42,0,1
12-01-2022,07:36:42,2,5
12-01-2022,08:06:43,1,6
12-01-2022,08:36:44,1,12
12-01-2022,09:06:44,5,21
12-01-2022,09:36:45,1,9
12-01-2022,10:06:45,4,16
12-01-2022,10:36:46,2,11
12-01-2022,11:06:46,2,15
12-01-2022,11:36:47,4,13
12-01-2022,12:06:48,1,14
12-01-2022,12:36:48,3,23
12-01-2022,13:06:49,2,39
12-01-2022,13:36:50,5,12
12-01-2022,14:06:51,5,14
12-01-2022,14:36:51,2,12
12-01-2022,15:06:52,10,35
12-01-2022,15:36:55,2,22
12-01-2022,16:06:56,4,18
12-01-2022,16:36:57,3,6
12-01-2022,17:06:58,4,8
12-01-2022,17:36:59,4,10
12-01-2022,18:06:59,4,25
12-01-2022,18:37:00,1,16
12-01-2022,19:47:30,6,38
12-01-2022,20:17:38,4,62
12-01-2022,20:47:39,4,17
12-01-2022,21:17:40,3,12
12-01-2022,21:47:41,7,13
12-01-2022,22:17:50,5,23
12-01-2022,22:47:50,1,15
12-01-2022,23:17:51,2,25
12-01-2022,23:47:52,6,16
12-02-2022,00:17:55,15,133
12-02-2022,00:48:00,6,29
12-02-2022,01:18:07,0,0
12-02-2022,02:00:19,7,58
12-02-2022,02:30:20,1,7
12-02-2022,03:00:32,2,41
12-02-2022,03:30:32,1,8
12-02-2022,04:00:33,0,1
12-02-2022,04:30:33,3,13
12-02-2022,14:57:29,0,3
12-02-2022,15:27:30,3,25
12-02-2022,15:57:31,10,43
12-02-2022,16:27:31,3,20
12-02-2022,16:57:32,6,20
12-02-2022,17:27:32,8,66
12-02-2022,17:57:33,9,34
12-02-2022,18:27:33,5,28
12-02-2022,18:57:34,2,24
12-02-2022,19:27:34,1,18
12-02-2022,19:57:35,0,13
12-02-2022,20:27:35,3,9
12-02-2022,20:57:36,8,39
12-02-2022,21:27:37,7,36
12-02-2022,21:57:37,7,29
12-02-2022,22:27:38,2,22
12-02-2022,22:57:39,2,17
12-02-2022,23:27:39,5,26
12-02-2022,23:57:40,1,23
12-03-2022,00:27:40,15,178
12-03-2022,00:57:44,11,109
12-03-2022,01:27:44,9,34
12-03-2022,01:57:45,6,18
12-03-2022,02:27:46,4,50
12-03-2022,02:57:46,0,8
12-03-2022,03:27:47,1,0
12-03-2022,03:57:47,1,3
12-03-2022,04:27:48,0,0
12-03-2022,04:57:48,1,0
12-03-2022,05:27:49,0,11
12-03-2022,05:57:49,0,1
12-03-2022,06:27:50,3,3
12-03-2022,06:57:50,0,2
12-03-2022,07:27:51,2,39
12-03-2022,07:57:51,3,0
12-03-2022,08:27:52,3,2
12-03-2022,08:57:52,0,3
12-03-2022,09:27:53,2,13
12-03-2022,09:57:53,1,7
12-03-2022,10:27:54,4,32
12-03-2022,10:57:54,2,26
12-03-2022,11:27:55,4,41
12-03-2022,11:57:55,6,42
12-03-2022,12:27:56,2,14
12-03-2022,12:57:56,3,23
12-03-2022,13:27:57,3,15
12-03-2022,13:57:57,1,24
12-03-2022,14:27:58,5,29
12-03-2022,14:57:58,3,20
12-03-2022,15:27:59,3,14
12-03-2022,15:57:59,7,22
12-03-2022,16:28:00,9,44
12-03-2022,16:58:00,3,19
12-03-2022,17:28:01,4,22
12-03-2022,17:58:01,4,17
12-03-2022,18:28:02,3,12
12-03-2022,18:58:02,2,19
12-03-2022,19:28:03,1,25
12-03-2022,19:58:03,6,11
12-03-2022,20:28:04,2,14
12-03-2022,20:58:04,2,10
12-03-2022,21:28:05,1,9
12-03-2022,21:58:05,4,62
12-03-2022,22:28:06,9,36
12-03-2022,22:58:07,5,12
12-03-2022,23:28:07,3,26
12-03-2022,23:58:08,4,21
12-04-2022,00:28:08,15,141
12-04-2022,00:58:12,8,99
12-04-2022,01:28:13,5,58
12-04-2022,01:58:13,4,11
12-04-2022,02:28:14,0,7
12-04-2022,02:58:14,3,22
12-04-2022,03:28:15,0,0
12-04-2022,03:58:15,0,4
12-04-2022,04:28:16,0,3
12-04-2022,04:58:16,0,0
12-04-2022,05:28:17,0,0
12-04-2022,05:58:17,1,0
12-04-2022,06:28:18,11,59
12-04-2022,06:58:18,0,1
12-04-2022,07:28:19,0,1
12-04-2022,07:58:19,1,1
12-04-2022,08:28:20,0,3
12-04-2022,08:58:20,2,5
12-04-2022,09:28:21,0,2
12-04-2022,09:58:21,2,6
12-04-2022,10:28:22,8,103
12-04-2022,10:58:22,4,29
12-04-2022,11:28:23,2,7
12-04-2022,11:58:23,6,30
12-04-2022,12:28:24,2,20
12-04-2022,12:58:25,1,20
12-04-2022,13:28:25,6,16
12-04-2022,13:58:26,3,13
12-04-2022,14:28:26,5,11
12-04-2022,14:58:27,1,38
12-04-2022,15:28:27,8,28
12-04-2022,15:58:28,5,32
12-04-2022,16:28:28,7,54
12-04-2022,16:58:29,3,28
12-04-2022,17:28:30,4,36
12-04-2022,17:58:30,5,365
12-04-2022,18:28:30,3,20
12-04-2022,18:58:31,7,19
12-04-2022,19:28:32,6,27
12-04-2022,19:58:32,3,13
12-04-2022,20:28:33,5,21
12-04-2022,20:58:33,3,21
12-04-2022,21:28:34,10,28
12-04-2022,21:58:34,5,49
12-04-2022,22:28:35,5,24
12-04-2022,22:58:35,6,17
12-04-2022,23:28:36,2,26
12-04-2022,23:58:37,3,20
12-05-2022,00:28:37,15,45
12-05-2022,00:58:41,5,49
12-05-2022,01:28:41,9,76
12-05-2022,01:58:42,3,37
12-05-2022,02:28:42,0,1
12-05-2022,02:58:43,0,0
12-05-2022,03:28:43,1,330
12-05-2022,03:58:44,0,0
12-05-2022,04:28:45,1,0
12-05-2022,04:58:45,0,0
12-05-2022,05:28:46,0,0
12-05-2022,05:58:46,0,1
12-05-2022,06:28:47,0,0
12-05-2022,06:58:47,0,1
12-05-2022,07:28:48,1,0
12-05-2022,07:58:48,0,10
12-05-2022,08:28:49,3,20
12-05-2022,08:58:49,2,17
12-05-2022,09:28:50,2,4
12-05-2022,09:58:50,4,48
12-05-2022,10:28:51,4,8
12-05-2022,10:58:51,8,11
12-05-2022,11:28:52,7,41
12-05-2022,11:58:52,4,11
12-05-2022,12:28:53,1,14
12-05-2022,12:58:54,3,11
12-05-2022,13:28:54,4,15
12-05-2022,13:58:55,5,102
12-05-2022,14:28:55,4,18
12-05-2022,14:58:56,6,9
12-05-2022,15:28:56,4,19
12-05-2022,15:58:57,2,12
12-05-2022,16:28:58,2,15
12-05-2022,16:58:58,2,16
12-05-2022,17:28:59,4,19
12-05-2022,17:58:59,5,11
12-05-2022,18:29:00,2,9
12-05-2022,18:59:00,4,13
12-05-2022,19:29:01,1,19
12-05-2022,19:59:02,6,45
12-05-2022,20:29:02,4,23
12-05-2022,20:59:03,2,4
12-05-2022,21:29:03,3,36
12-05-2022,21:59:04,4,26
12-05-2022,22:29:04,3,19
12-05-2022,22:59:07,2,14
12-05-2022,23:29:07,5,20
12-05-2022,23:59:08,4,24
12-06-2022,00:29:08,15,172
12-06-2022,00:59:12,7,49
12-06-2022,01:29:12,2,4
12-06-2022,01:59:13,3,3
12-06-2022,02:29:17,3,16
12-06-2022,02:59:18,2,2
12-06-2022,03:29:18,0,1
12-06-2022,03:59:19,0,0
12-06-2022,04:29:19,0,3
12-06-2022,04:59:20,1,9
12-06-2022,05:29:20,0,0
12-06-2022,05:59:21,0,0
12-06-2022,06:29:21,0,0
12-06-2022,06:59:25,1,3
12-06-2022,07:29:25,0,0
12-06-2022,07:59:25,1,6
12-06-2022,08:29:26,2,3
12-06-2022,08:59:27,2,19
12-06-2022,09:29:27,4,94
12-06-2022,09:59:28,1,7
12-06-2022,10:29:29,6,29
12-06-2022,10:59:29,2,15
12-06-2022,11:29:30,3,14
12-06-2022,11:59:30,4,27
12-06-2022,12:29:32,5,20
12-06-2022,12:59:32,4,42
12-06-2022,13:29:33,3,18
12-06-2022,13:59:34,1,21
12-06-2022,14:29:34,4,40
12-06-2022,14:59:35,1,31
12-06-2022,15:29:38,5,25
12-06-2022,15:59:38,2,15
12-06-2022,16:29:39,6,20
12-06-2022,16:59:40,3,11
12-06-2022,17:29:40,2,6
12-06-2022,17:59:41,5,20
12-06-2022,18:29:41,10,27
12-06-2022,18:59:42,4,36
12-06-2022,19:29:42,3,32
12-06-2022,19:59:43,8,48
12-06-2022,20:29:44,4,67
12-06-2022,20:59:45,9,37
12-06-2022,21:29:46,8,365
12-06-2022,21:59:46,8,56
12-06-2022,22:29:47,6,25
12-06-2022,22:59:47,5,31
12-06-2022,23:29:48,6,17
12-06-2022,23:59:49,4,22
12-07-2022,00:29:50,15,426
12-07-2022,01:00:00,10,50
12-07-2022,01:30:01,9,47
12-07-2022,02:00:02,4,59
12-07-2022,02:30:02,10,47
12-07-2022,03:00:03,1,3
12-07-2022,03:30:03,6,11
12-07-2022,04:00:04,2,7
12-07-2022,04:30:05,0,0
12-07-2022,05:00:05,0,2
12-07-2022,05:30:06,0,2
12-07-2022,06:00:06,0,0
12-07-2022,06:30:07,0,0
12-07-2022,07:00:07,0,3
12-07-2022,07:30:08,5,19
12-07-2022,08:00:08,1,5
12-07-2022,08:30:09,6,16
12-07-2022,09:00:09,5,25
12-07-2022,09:30:10,4,70
12-07-2022,10:00:10,1,10
12-07-2022,10:30:11,0,14
12-07-2022,11:00:11,3,14
12-07-2022,11:30:12,2,23
12-07-2022,12:00:12,9,21
12-07-2022,12:30:13,6,32
12-07-2022,15:58:26,11,75
12-07-2022,16:28:32,6,38
12-07-2022,16:58:44,3,27
12-07-2022,17:28:45,2,7
12-07-2022,17:58:46,7,53
12-07-2022,18:28:47,3,16
12-07-2022,18:59:49,5,29
12-07-2022,19:44:03,8,18
12-07-2022,21:50:03,4,4
12-07-2022,22:20:04,7,39
12-07-2022,22:50:05,2,18
12-07-2022,23:20:05,7,36
12-07-2022,23:50:06,0,20
12-08-2022,00:20:06,15,108
12-08-2022,00:50:10,13,234
12-08-2022,01:20:10,8,47
12-08-2022,01:50:11,4,19
12-08-2022,02:20:11,1,3
12-08-2022,02:50:11,15,24
12-08-2022,03:20:12,0,1
12-08-2022,03:50:12,0,0
12-08-2022,04:20:13,0,2
12-08-2022,04:50:13,0,0
12-08-2022,05:20:14,0,0
12-08-2022,05:50:14,0,2
12-08-2022,06:20:15,1,11
12-08-2022,06:50:15,0,3
12-08-2022,07:20:16,3,19
12-08-2022,07:50:16,4,4
12-08-2022,08:20:17,3,17
12-08-2022,08:50:17,4,29
12-08-2022,09:20:18,10,20
12-08-2022,09:50:18,4,27
12-08-2022,10:20:19,11,34
12-08-2022,10:50:19,6,18
12-08-2022,11:20:20,8,27
12-08-2022,11:50:20,6,22
12-08-2022,12:20:21,3,26
12-08-2022,12:50:22,7,25
12-08-2022,13:20:22,2,39
12-08-2022,13:50:22,6,57
12-08-2022,14:20:23,4,28
12-08-2022,14:50:24,5,39
12-08-2022,15:20:24,3,16
12-08-2022,15:50:25,3,16
12-08-2022,16:20:26,4,23
12-08-2022,16:50:26,2,18
12-08-2022,17:20:27,6,23
12-08-2022,17:50:27,5,8
12-08-2022,18:20:28,2,16
12-08-2022,18:50:28,3,28
12-08-2022,19:20:29,4,17
12-08-2022,19:50:29,4,26
12-08-2022,20:20:30,6,47
12-08-2022,20:50:30,1,13
12-08-2022,21:20:31,2,16
12-08-2022,21:50:31,3,21
12-08-2022,22:20:32,5,31
12-08-2022,22:50:32,2,18
12-08-2022,23:20:33,4,16
12-08-2022,23:50:34,1,11
12-09-2022,00:20:35,15,322
12-09-2022,00:50:38,9,59
12-09-2022,01:20:39,0,14
12-09-2022,01:50:39,2,7
12-09-2022,02:20:40,5,64
12-09-2022,02:50:40,0,0
12-09-2022,03:20:41,1,11
12-09-2022,03:50:41,1,1
12-09-2022,04:20:42,0,0
12-09-2022,04:50:42,0,0
12-09-2022,05:20:43,0,0
12-09-2022,05:50:43,1,4
12-09-2022,06:20:44,3,30
12-09-2022,06:50:44,0,0
12-09-2022,07:20:44,2,17
12-09-2022,07:50:45,0,2
12-09-2022,08:20:45,0,1
12-09-2022,08:50:46,3,9
12-09-2022,09:20:46,2,8
12-09-2022,09:50:47,3,5
12-09-2022,10:20:48,9,25
12-09-2022,10:50:48,4,45
12-09-2022,11:20:49,5,11
12-09-2022,11:50:49,2,37
12-09-2022,12:20:50,4,17
12-09-2022,12:50:50,8,15
12-09-2022,13:20:50,6,30
12-09-2022,13:50:51,3,31
12-09-2022,14:20:51,6,26
12-09-2022,14:50:52,7,37
12-09-2022,15:20:52,7,63
12-09-2022,15:50:53,5,46
12-09-2022,16:20:54,6,34
12-09-2022,16:50:54,3,16
12-09-2022,17:20:55,1,14
12-09-2022,17:50:55,5,16
12-09-2022,18:20:56,5,15
12-09-2022,18:50:56,6,17
12-09-2022,19:20:57,9,30
12-09-2022,19:50:57,5,18
12-09-2022,20:20:57,3,15
12-09-2022,20:50:58,3,22
12-09-2022,21:20:58,5,29
12-09-2022,21:50:59,8,14
12-09-2022,22:20:59,3,11
12-09-2022,22:51:00,3,9
12-09-2022,23:21:00,4,10
12-09-2022,23:51:01,3,23
12-10-2022,00:21:01,15,108
12-10-2022,00:51:05,11,30
12-10-2022,01:21:06,9,57
12-10-2022,01:51:06,5,44
12-10-2022,02:21:07,2,7
12-10-2022,02:51:07,5,7
12-10-2022,03:21:08,0,1
12-10-2022,03:51:08,0,0
12-10-2022,04:21:08,0,2
12-10-2022,04:51:09,1,1
12-10-2022,05:21:09,0,0
12-10-2022,05:51:10,0,0
12-10-2022,06:21:10,0,0
12-10-2022,06:51:11,0,0
12-10-2022,07:21:11,0,6
12-10-2022,07:51:12,4,15
12-10-2022,08:21:12,3,110
12-10-2022,08:51:13,1,5
12-10-2022,09:21:13,1,3
12-10-2022,09:51:14,2,11
12-10-2022,10:21:15,5,26
12-10-2022,10:51:15,8,25
12-10-2022,11:21:16,4,23
12-10-2022,11:51:16,7,40
12-10-2022,12:21:17,3,20
12-10-2022,12:51:17,2,16
12-10-2022,13:21:18,6,30
12-10-2022,13:51:18,8,25
12-10-2022,14:21:19,3,21
12-10-2022,14:51:19,4,32
12-10-2022,15:21:20,9,15
12-10-2022,15:51:20,3,13
12-10-2022,16:21:21,5,32
12-10-2022,16:51:21,8,28
12-10-2022,17:21:22,2,18
12-10-2022,17:51:22,10,19
12-10-2022,18:21:23,7,131
12-10-2022,18:51:23,6,26
12-10-2022,19:21:24,3,14
12-10-2022,19:51:24,5,15
12-10-2022,20:21:25,3,77
12-10-2022,20:51:26,5,3
12-10-2022,21:21:26,3,1
12-10-2022,21:51:27,4,19
12-10-2022,22:21:27,4,19
12-10-2022,22:51:28,5,38
12-10-2022,23:21:28,4,9
12-10-2022,23:51:29,2,23
12-11-2022,00:21:29,15,82
12-11-2022,00:51:33,4,20
12-11-2022,01:21:33,6,26
12-11-2022,01:51:34,10,142
12-11-2022,02:21:34,1,4
12-11-2022,02:51:35,5,8
12-11-2022,03:21:35,1,8
12-11-2022,03:51:36,0,0
12-11-2022,04:21:36,0,0
12-11-2022,04:51:37,0,1
12-11-2022,05:21:37,1,2
12-11-2022,05:51:38,0,0
12-11-2022,06:21:38,0,0
12-11-2022,06:51:39,0,0
12-11-2022,07:21:39,0,1
12-11-2022,07:51:40,0,0
12-11-2022,08:21:40,1,1
12-11-2022,08:51:41,6,165
12-11-2022,09:21:41,4,16
12-11-2022,09:51:42,0,1
12-11-2022,10:21:42,2,5
12-11-2022,10:51:43,10,391
12-11-2022,11:21:44,3,15
12-11-2022,11:51:44,6,11
12-11-2022,12:21:45,8,24
12-11-2022,12:51:45,5,23
12-11-2022,13:21:46,3,10
12-11-2022,13:51:46,2,17
12-11-2022,14:21:46,11,38
12-11-2022,14:51:47,3,9
12-11-2022,15:21:47,5,26
12-11-2022,15:51:48,4,21
12-11-2022,16:21:48,1,19
12-11-2022,16:51:49,3,13
12-11-2022,17:21:49,3,10
12-11-2022,17:51:50,3,14
12-11-2022,18:21:50,4,12
12-11-2022,18:51:51,5,13
12-11-2022,19:21:52,6,24
12-11-2022,19:51:52,3,19
12-11-2022,20:21:53,9,21
12-11-2022,20:51:54,5,20
12-11-2022,21:21:54,6,8
12-11-2022,21:51:55,2,2
12-11-2022,22:21:55,4,24
12-11-2022,22:51:56,1,10
12-11-2022,23:21:56,6,30
12-11-2022,23:51:57,4,18
12-12-2022,00:21:58,15,81
12-12-2022,00:52:01,7,142
12-12-2022,01:22:02,3,8
12-12-2022,01:52:02,2,5
12-12-2022,02:22:03,2,15
12-12-2022,02:52:03,2,7
12-12-2022,03:22:04,0,0
12-12-2022,03:52:04,0,0
12-12-2022,04:22:05,0,1
12-12-2022,04:52:05,4,33
12-12-2022,05:22:06,0,2
12-12-2022,05:52:06,1,1
12-12-2022,06:22:07,0,0
12-12-2022,06:52:07,0,1
12-12-2022,07:22:08,0,2
12-12-2022,07:52:08,0,0
12-12-2022,08:22:09,2,4
12-12-2022,08:52:09,1,8
12-12-2022,09:22:10,1,31
12-12-2022,09:52:10,2,6
12-12-2022,10:22:11,5,24
12-12-2022,10:52:12,2,18
12-12-2022,11:22:12,4,41
12-12-2022,11:52:13,6,11
12-12-2022,12:22:13,3,13
12-12-2022,12:52:14,7,36
12-12-2022,13:22:14,4,47
12-12-2022,13:52:15,1,16
12-12-2022,14:22:15,2,28
12-12-2022,14:52:16,4,8
12-12-2022,15:22:16,8,16
12-12-2022,15:52:17,8,27
12-12-2022,16:22:18,3,17
12-12-2022,16:52:18,4,16
12-12-2022,17:22:18,2,23
12-12-2022,17:52:19,2,18
12-12-2022,18:22:20,6,35
12-12-2022,18:52:20,2,22
12-12-2022,19:22:21,4,16
12-12-2022,19:52:21,3,21
12-12-2022,20:22:22,8,23
12-12-2022,20:52:22,7,25
12-12-2022,21:22:23,6,16
12-12-2022,21:52:23,7,22
12-12-2022,22:22:25,6,23
12-12-2022,22:52:25,5,43
12-12-2022,23:22:26,2,15
12-12-2022,23:52:26,5,10
12-13-2022,00:22:27,15,112
12-13-2022,00:52:30,5,20
12-13-2022,01:22:31,3,8
12-13-2022,01:52:31,9,24
12-13-2022,02:22:31,5,33
12-13-2022,02:52:32,7,29
12-13-2022,03:22:33,0,1
12-13-2022,03:52:33,0,0
12-13-2022,04:22:34,0,1
12-13-2022,04:52:34,0,0
12-13-2022,05:22:34,4,26
12-13-2022,05:52:35,0,0
12-13-2022,06:22:35,0,0
12-13-2022,06:52:36,0,2
12-13-2022,07:22:36,1,0
12-13-2022,07:52:37,1,7
12-13-2022,08:22:37,3,16
12-13-2022,08:52:38,3,28
12-13-2022,09:22:38,5,32
12-13-2022,09:52:39,5,9
12-13-2022,10:22:39,1,6
12-13-2022,10:52:40,4,32
12-13-2022,11:22:41,6,46
12-13-2022,11:52:41,6,142
12-13-2022,12:22:42,6,30
12-13-2022,12:52:42,10,16
12-13-2022,13:22:43,3,22
12-13-2022,13:52:43,4,12
12-13-2022,14:22:43,2,21
12-13-2022,14:52:44,4,13
12-13-2022,15:22:45,7,23
12-13-2022,15:52:46,3,35
12-13-2022,16:22:46,3,12
12-13-2022,16:52:47,1,20
12-13-2022,17:22:47,5,17
12-13-2022,17:52:49,3,20
12-13-2022,18:22:50,7,13
12-13-2022,18:52:50,0,12
12-13-2022,19:22:51,5,21
12-13-2022,19:52:51,2,11
12-13-2022,20:22:52,4,23
12-13-2022,20:52:52,4,9
12-13-2022,21:22:53,3,8
12-13-2022,21:52:53,3,13
12-13-2022,22:22:54,2,20
12-13-2022,22:52:55,5,17
12-13-2022,23:22:55,7,21
12-13-2022,23:52:55,5,17
12-14-2022,00:22:56,15,210
12-14-2022,00:53:00,14,51
12-14-2022,01:23:05,5,15
12-14-2022,01:53:06,3,5
12-14-2022,02:23:06,1,4
12-14-2022,02:53:07,2,5
12-14-2022,03:23:07,0,1
12-14-2022,03:53:08,2,0
12-14-2022,04:23:08,0,0
12-14-2022,04:53:09,0,0
12-14-2022,05:23:09,0,2
12-14-2022,05:53:10,0,0
12-14-2022,06:23:10,0,0
12-14-2022,06:53:11,0,0
12-14-2022,07:23:11,1,12
12-14-2022,07:53:11,3,5
12-14-2022,08:23:12,1,13
12-14-2022,08:53:12,2,15
12-14-2022,09:23:13,5,28
12-14-2022,09:53:14,3,20
12-14-2022,10:23:14,4,29
12-14-2022,10:53:15,2,5
12-14-2022,11:23:16,6,16
12-14-2022,11:53:16,3,19
12-14-2022,12:23:17,7,34
12-14-2022,12:53:17,4,22
12-14-2022,13:23:18,2,11
12-14-2022,13:53:18,3,21
12-14-2022,14:23:19,0,10
12-14-2022,20:48:29,11,80
12-14-2022,21:18:30,7,51
12-14-2022,21:48:31,5,31
12-14-2022,22:18:35,8,25
12-14-2022,22:48:36,6,23
12-14-2022,23:18:37,0,17
12-15-2022,08:08:11,15,180
12-15-2022,08:38:12,2,9
12-15-2022,09:08:12,3,15
12-15-2022,09:38:13,1,4
12-15-2022,10:08:13,6,29
12-15-2022,10:38:14,5,11
12-15-2022,11:08:14,8,64
12-15-2022,11:38:15,8,58
12-15-2022,12:08:15,6,18
12-15-2022,12:38:16,4,26
12-15-2022,13:08:16,6,25
12-15-2022,13:38:17,3,17
12-15-2022,14:08:17,3,10
12-15-2022,14:38:18,5,20
12-15-2022,15:08:18,1,6
12-15-2022,15:38:19,2,20
12-15-2022,16:08:20,3,42
12-15-2022,16:38:20,2,22
12-15-2022,17:08:21,3,20
12-15-2022,17:38:21,4,23
12-15-2022,18:08:22,2,13
12-15-2022,18:38:22,9,15
12-15-2022,19:08:23,2,17
12-15-2022,19:38:23,2,16
12-15-2022,20:08:24,3,22
12-15-2022,20:38:24,5,33
12-15-2022,21:08:25,4,11
12-15-2022,21:38:25,11,19
12-15-2022,22:08:26,7,19
12-15-2022,22:38:26,5,34
12-15-2022,23:08:27,7,54
12-15-2022,23:38:27,4,10
12-16-2022,00:08:28,15,99
12-16-2022,00:38:31,8,33
12-16-2022,01:08:32,5,13
